{
  "holdout_days": 30,
  "n_train": 121380,
  "n_holdout": 3060,
  "mae_c": 0.4728,
  "rmse_c": 0.8745,
  "bias_c": -0.1098,
  "within_1c_pct": 83.01,
  "within_2c_pct": 96.18,
  "within_3c_pct": 98.73,
  "pit_histogram": [
    44,
    87,
    140,
    188,
    826,
    1092,
    232,
    244,
    130,
    77
  ],
  "tail_coverage": {
    "|z|>1": {
      "observed": 0.07581699346405228,
      "gauss": 0.31731050786291415
    },
    "|z|>2": {
      "observed": 0.00980392156862745,
      "gauss": 0.04550026389635842
    },
    "|z|>3": {
      "observed": 0.00261437908496732,
      "gauss": 0.002699796063260207
    },
    "|z|>4": {
      "observed": 0.00065359477124183,
      "gauss": 6.334248366623996e-05
    },
    "|z|>5": {
      "observed": 0.0,
      "gauss": 5.733031437360481e-07
    }
  }
}